

/*
INSERT INTO [dbo].[TblCountry] VALUES ('España','espana',1,0,0,4)
INSERT INTO [dbo].[TblCity] VALUES ('Barcelona','barcelona',1,0,0,4,1)
INSERT INTO [dbo].[TblCityLanguage] VALUES (1,1,'Barcelona')
INSERT INTO [dbo].[TblCityLanguage] VALUES (1,2,'Barcelone')
INSERT INTO [dbo].[TblCityLanguage] VALUES (1,3,'Barcelona')

INSERT INTO [dbo].[TblDistrict] VALUES('Raval','Raval',1,0,0,8,1)
INSERT INTO [dbo].[TblDistrict] VALUES('Gòtic','Gotic',1,0,0,8,1)
INSERT INTO [dbo].[TblDistrict] VALUES('Barceloneta','Barceloneta',1,0,0,8,1)
INSERT INTO [dbo].[TblDistrict] VALUES('Sant Pere','SantPere',1,0,0,8,1)
INSERT INTO [dbo].[TblDistrict] VALUES('Santa Caterina i la Ribera ','SantCaterinaRibera',1,0,0,8,1)
INSERT INTO [dbo].[TblDistrict] VALUES('Fort Pienc','FortPienc',1,0,0,8,1)
INSERT INTO [dbo].[TblDistrict] VALUES('Sagrada Família','SagradaFamília',1,0,0,8,1)
INSERT INTO [dbo].[TblDistrict] VALUES('Dreta de l´Eixample','DretaEixample',1,0,0,8,1)
INSERT INTO [dbo].[TblDistrict] VALUES('L´Antiga Esquerra de l´Eixample','AntigaEsquerraEixample',1,0,0,8,1)
INSERT INTO [dbo].[TblDistrict] VALUES('Nova Esquerra de l´Eixample','NovaEsquerraEixample',1,0,0,8,1)
INSERT INTO [dbo].[TblDistrict] VALUES('Sant Antoni','SantAntoni',1,0,0,8,1)
INSERT INTO [dbo].[TblDistrict] VALUES('Poble-sec','Poble-sec',1,0,0,8,1)
INSERT INTO [dbo].[TblDistrict] VALUES('Marina del Prat Vermell','MarinaPratVermell',1,0,0,8,1)
INSERT INTO [dbo].[TblDistrict] VALUES('Marina de Port','MarinaPort',1,0,0,8,1)
INSERT INTO [dbo].[TblDistrict] VALUES('Font de la Guatlla','Font Guatlla',1,0,0,8,1)
INSERT INTO [dbo].[TblDistrict] VALUES('Hostafrancs','Hostafrancs',1,0,0,8,1)
INSERT INTO [dbo].[TblDistrict] VALUES('La Bordeta','Bordeta',1,0,0,8,1)
INSERT INTO [dbo].[TblDistrict] VALUES('Sants-Badal','Sants-Badal',1,0,0,8,1)
INSERT INTO [dbo].[TblDistrict] VALUES('Sants','Sants',1,0,0,8,1)
INSERT INTO [dbo].[TblDistrict] VALUES('Zona Franca - Port','ZonaFranca-Port',1,0,0,8,1)
INSERT INTO [dbo].[TblDistrict] VALUES('Montjuïc','Montjuïc',1,0,0,8,1)
INSERT INTO [dbo].[TblDistrict] VALUES('Les Corts','LesCorts',1,0,0,8,1)
INSERT INTO [dbo].[TblDistrict] VALUES('Maternitat i Sant Ramon','MaternitatSantRamon',1,0,0,8,1)
INSERT INTO [dbo].[TblDistrict] VALUES('Pedralbes','Pedralbes',1,0,0,8,1)
INSERT INTO [dbo].[TblDistrict] VALUES('Tibidabo i les Planes','TibidaboPlanes',1,0,0,8,1)
INSERT INTO [dbo].[TblDistrict] VALUES('Sarrià','Sarrià',1,0,0,8,1)
INSERT INTO [dbo].[TblDistrict] VALUES('Tres Torres','TresTorres',1,0,0,8,1)
INSERT INTO [dbo].[TblDistrict] VALUES('Sant Gervasi - la Bonanova','Sant Gervasi-Bonanova',1,0,0,8,1)
INSERT INTO [dbo].[TblDistrict] VALUES('Sant Gervasi - Galvany','SantGervasi-Galvany',1,0,0,8,1)
INSERT INTO [dbo].[TblDistrict] VALUES('El Putget i Farró','PutgetFarro',1,0,0,8,1)
INSERT INTO [dbo].[TblDistrict] VALUES('Vallvidrera','Vallvidrera',1,0,0,8,1)
INSERT INTO [dbo].[TblDistrict] VALUES('Vallcarca i els Penitents','VallcarcaPenitents',1,0,0,8,1)
INSERT INTO [dbo].[TblDistrict] VALUES('Coll','Coll',1,0,0,8,1)
INSERT INTO [dbo].[TblDistrict] VALUES('Salut','Salut',1,0,0,8,1)
INSERT INTO [dbo].[TblDistrict] VALUES('Vila de Gràcia','VilaGracia',1,0,0,8,1)
INSERT INTO [dbo].[TblDistrict] VALUES('Camp d´en Grassot i Gràcia Nova','CampGrassotGraciaNova',1,0,0,8,1)
INSERT INTO [dbo].[TblDistrict] VALUES('El Baix Guinardó','BaixGuinardó',1,0,0,8,1)
INSERT INTO [dbo].[TblDistrict] VALUES('Can Baró','CanBaró',1,0,0,8,1)
INSERT INTO [dbo].[TblDistrict] VALUES('Guinardó','Guinardó',1,0,0,8,1)
INSERT INTO [dbo].[TblDistrict] VALUES('Font d´en Fargues','FontFargues',1,0,0,8,1)
INSERT INTO [dbo].[TblDistrict] VALUES('Carmel','Carmel',1,0,0,8,1)
INSERT INTO [dbo].[TblDistrict] VALUES('Teixonera','Teixonera',1,0,0,8,1)
INSERT INTO [dbo].[TblDistrict] VALUES('Sant Genís dels Agudells','SantGenisAgudells',1,0,0,8,1)
INSERT INTO [dbo].[TblDistrict] VALUES('Montbau','Montbau',1,0,0,8,1)
INSERT INTO [dbo].[TblDistrict] VALUES('Vall d´Hebron','VallHebron',1,0,0,8,1)
INSERT INTO [dbo].[TblDistrict] VALUES('Clota','Clota',1,0,0,8,1)
INSERT INTO [dbo].[TblDistrict] VALUES('Horta','Horta',1,0,0,8,1)
INSERT INTO [dbo].[TblDistrict] VALUES('Vilapicina i la Torre Llobeta','VilapicinaTorreLlobeta',1,0,0,8,1)
INSERT INTO [dbo].[TblDistrict] VALUES('Porta','Porta',1,0,0,8,1)
INSERT INTO [dbo].[TblDistrict] VALUES('Turó de la Peira','TuroPeira',1,0,0,8,1)
INSERT INTO [dbo].[TblDistrict] VALUES('Can Peguera','CanPeguera',1,0,0,8,1)
INSERT INTO [dbo].[TblDistrict] VALUES('Guineueta','Guineueta',1,0,0,8,1)
INSERT INTO [dbo].[TblDistrict] VALUES('Canyelles','Canyelles',1,0,0,8,1)
INSERT INTO [dbo].[TblDistrict] VALUES('Roquetes','Roquetes',1,0,0,8,1)
INSERT INTO [dbo].[TblDistrict] VALUES('Verdum','Verdum',1,0,0,8,1)
INSERT INTO [dbo].[TblDistrict] VALUES('Prosperitat','Prosperitat',1,0,0,8,1)
INSERT INTO [dbo].[TblDistrict] VALUES('Trinitat Nova','TrinitatNova',1,0,0,8,1)
INSERT INTO [dbo].[TblDistrict] VALUES('Torre Baró','TorreBaro',1,0,0,8,1)
INSERT INTO [dbo].[TblDistrict] VALUES('Ciutat Meridiana','CiutatMeridiana',1,0,0,8,1)
INSERT INTO [dbo].[TblDistrict] VALUES('Vallbona','Vallbona',1,0,0,8,1)
INSERT INTO [dbo].[TblDistrict] VALUES('Trinitat Vella','TrinitatVella',1,0,0,8,1)
INSERT INTO [dbo].[TblDistrict] VALUES('Baró de Viver','BaroViver',1,0,0,8,1)
INSERT INTO [dbo].[TblDistrict] VALUES('Bon Pastor','BonPastor',1,0,0,8,1)
INSERT INTO [dbo].[TblDistrict] VALUES('Sant Andreu de Palomar','SantAndreuPalomar',1,0,0,8,1)
INSERT INTO [dbo].[TblDistrict] VALUES('La Sagrera','LaSagrera',1,0,0,8,1)
INSERT INTO [dbo].[TblDistrict] VALUES('Congrés i els Indians','CongresIndians',1,0,0,8,1)
INSERT INTO [dbo].[TblDistrict] VALUES('Navas','Navas',1,0,0,8,1)
INSERT INTO [dbo].[TblDistrict] VALUES('Camp de l´Arpa del Clot','CampArpaClot',1,0,0,8,1)
INSERT INTO [dbo].[TblDistrict] VALUES('Clot','Clot',1,0,0,8,1)
INSERT INTO [dbo].[TblDistrict] VALUES('Parc i la Llacuna del Poblenou','ParcLlacunaPoblenou',1,0,0,8,1)
INSERT INTO [dbo].[TblDistrict] VALUES('Vila Olímpica del Poblenou','OlimpicaPoblenou',1,0,0,8,1)
INSERT INTO [dbo].[TblDistrict] VALUES('Poblenou','Poblenou',1,0,0,8,1)
INSERT INTO [dbo].[TblDistrict] VALUES('Diagonal Mar i el Front Marítim del Poblenou','DiagonalMarFrontMaritimPoblenou',1,0,0,8,1)
INSERT INTO [dbo].[TblDistrict] VALUES('El Besòs i el Maresme','ElBesosMaresme',1,0,0,8,1)
INSERT INTO [dbo].[TblDistrict] VALUES('Provençals del Poblenou','Provençals del Poblenou',1,0,0,8,1)
INSERT INTO [dbo].[TblDistrict] VALUES('Sant Martí de Provençals','SantMartideProvençals',1,0,0,8,1)
INSERT INTO [dbo].[TblDistrict] VALUES('Verneda i la Pau','VernedaPau',1,0,0,8,1)




INSERT INTO [dbo].[TblLanguage] VALUES('Español',1,NULL,'es',NULL,1,NULL,NULL,'es-ES','es')
INSERT INTO [dbo].[TblLanguage] VALUES('English',1,NULL,'en',NULL,2,NULL,NULL,'en-GB','en')
INSERT INTO [dbo].[TblLanguage] VALUES('Catalan',1,NULL,'cat',NULL,3,NULL,NULL,'ca-ES','cat')

INSERT INTO [dbo].[TblMailTemplate] VALUES('Activation','Activation','info@elmercadoverde.es')
INSERT INTO [dbo].[TblMailTemplate] VALUES('RecoverPassword','recover password','info@elmercadoverde.es')


INSERT INTO [dbo].[TblMailTemplateLanguage] VALUES(1,1,'Haz click en el siguiente enlace para activar su cuenta<br/><a href="##ActivationUrl##">##ActivationUrl##</a>','Activa tu cuenta del Mercado Verde')                                                                                                                                                                                                                                                     
INSERT INTO [dbo].[TblMailTemplateLanguage] VALUES(1,2,'Click on the following link to activate your account<br/><a href="##ActivationUrl##">##ActivationUrl##</a>','Activate your Mercado Verde account')                                                                                                                                                                                                                                                    
INSERT INTO [dbo].[TblMailTemplateLanguage] VALUES(1,3,'Haz click en el siguiente enlace para activar su cuenta<br/><a href="##ActivationUrl##">##ActivationUrl##</a>','Activa tu cuenta del Mercado Verde')                                                                                                                                                                                                                                                 
INSERT INTO [dbo].[TblMailTemplateLanguage] VALUES(2,1,'Hola ##userName##<br/>Su nueva contraseña es: ##newPassword##<br/>Le recomendamos que modifique la contraseña en su siguiente inicio de sesión.','Mail recuperacion password Mercado Verde')                                                                                                                                                                                                                                                      
INSERT INTO [dbo].[TblMailTemplateLanguage] VALUES(2,2,'Hi ##userName##!<br/>Your new password is ##newPassword##<br/>We recommend you change this password next time you log in.','Mail recuperación contraseña')                                                                                                                                                                                                                                                      
INSERT INTO [dbo].[TblMailTemplateLanguage] VALUES(2,3,'Hola ##userName##!<br/>Su nueva contraseña es: ##newPassword##<br/>Le recomendamos que modifique la contraseña en su siguiente inicio de sesión.','Mail recuperacion password Mercado Verde')                                                                                                                                                                                                                                                     





INSERT INTO [dbo].[TblStore] VALUES('La Chinata ',' ',' ',' ',GETDATE(),'http://www.lachinata.es/ ',0,GETDATE(),'Àngels','8001','20',1,null,' ',1,0,0,0,' ','Àngels 20',' ',0,1,GETDATE(),GETDATE(),' ',0,0)
INSERT INTO [dbo].[TblStore] VALUES('Caravela Gourmet',' ',' ',' ',GETDATE(),'http://caravelagourmet.com/ ',0,GETDATE(),'Manso ','8015','13 ',1,null,' ',1,0,0,0,' ','C/ Manso 13 ',' ',0,1,GETDATE(),GETDATE(),' ',0,0)
INSERT INTO [dbo].[TblStore] VALUES('Tesela Cerveza Artesanal',' ',' ',' ',GETDATE(),'http://www.cervezatesela.es/ ',0,GETDATE(),' ','',' ',1,null,' ',1,0,0,0,' ',' ',' ',0,1,GETDATE(),GETDATE(),' ',1,0)
INSERT INTO [dbo].[TblStore] VALUES('Edge Brewing ',' ',' ',' ',GETDATE(),'http://edgebrewing.com/ ',0,GETDATE(),'Carrer de Llull ','8005','62 ',1,null,' ',1,0,0,0,' ','Carrer de Llull 62 ',' ',0,1,GETDATE(),GETDATE(),' ',0,0)
INSERT INTO [dbo].[TblStore] VALUES('Masala Te y Especies ',' ',' ',' ',GETDATE(),'http://masalabcn.com/ ',0,GETDATE(),'Carrer Marià Aguiló ','8005','59 ',1,null,' ',1,0,0,0,' ','Carrer Marià Aguiló 59 ',' ',0,1,GETDATE(),GETDATE(),' ',1,0)
INSERT INTO [dbo].[TblStore] VALUES('Interior de te ',' ',' ',' ',GETDATE(),'http://interiordete.com/index.php ',0,GETDATE(),'Milton ','8012','1 ',1,null,' ',1,0,0,0,' ','Milton, 1 ',' ',0,1,GETDATE(),GETDATE(),' ',0,0)
INSERT INTO [dbo].[TblStore] VALUES('Vida Meva ',' ',' ',' ',GETDATE(),'http://www.vidameva.com/ ',0,GETDATE(),'Carrer de Marià Aguiló ','8005','68 ',1,null,' ',1,0,0,0,' ','Carrer de Marià Aguiló 68 ',' ',0,1,GETDATE(),GETDATE(),' ',1,0)
INSERT INTO [dbo].[TblStore] VALUES('Horta de le Eixample ',' ',' ',' ',GETDATE(),'http://www.hortadeleixample.es/es/ ',0,GETDATE(),' ','',' ',1,null,' ',1,0,0,0,' ',' ',' ',0,1,GETDATE(),GETDATE(),' ',1,0)
INSERT INTO [dbo].[TblStore] VALUES('Mapu Organic ',' ',' ',' ',GETDATE(),'https://www.facebook.com/MapuOrganicBCN ',0,GETDATE(),'Carrer de les Magdalenes ','8002','7 ',1,null,' ',1,0,0,0,' ','Carrer de les Magdalenes 7 ',' ',0,1,GETDATE(),GETDATE(),' ',0,0)
INSERT INTO [dbo].[TblStore] VALUES('Natural como la Vida Misma ',' ',' ',' ',GETDATE(),'http://www.naturalcomolavidamisma.com/ ',0,GETDATE(),' ','',' ',1,null,' ',1,0,0,0,' ','no ',' ',0,1,GETDATE(),GETDATE(),' ',1,0)
INSERT INTO [dbo].[TblStore] VALUES('Ecobotiga La Magrana ',' ',' ',' ',GETDATE(),'http://www.miherbodietetica.com/ ',0,GETDATE(),'Major ','8242','71 ',1,null,' ',1,0,0,0,' ','C/ Major, 71, bajos ',' ',0,1,GETDATE(),GETDATE(),' ',1,0)
INSERT INTO [dbo].[TblStore] VALUES('Doctor Veg ',' ',' ',' ',GETDATE(),'http://www.blog.biolandia.es/ecotiendas/ecotiendas-online/ ',0,GETDATE(),' ','',' ',1,null,' ',1,0,0,0,' ',' ',' ',0,1,GETDATE(),GETDATE(),' ',1,0)
INSERT INTO [dbo].[TblStore] VALUES('Casa Garcia Graneria ',' ',' ',' ',GETDATE(),'https://www.facebook.com/casagarciagraneria/ ',0,GETDATE(),'Carrer del Clot  ','8018','69 ',1,null,' ',1,0,0,0,' ','Carrer del Clot 69 ',' ',0,1,GETDATE(),GETDATE(),' ',0,0)
INSERT INTO [dbo].[TblStore] VALUES('LA GARBIANA ',' ',' ',' ',GETDATE(),'http://lagarbiana.cat/es/ ',0,GETDATE(),' ','',' ',1,null,' ',1,0,0,0,' ',' ',' ',0,1,GETDATE(),GETDATE(),' ',1,0)
INSERT INTO [dbo].[TblStore] VALUES('Jaime J. Renobell ',' ',' ',' ',GETDATE(),'http://jrenobell.es/ ',0,GETDATE(),'Pg. de Picasso ','8003','34 ',1,null,' ',1,0,0,0,' ','Pg. de Picasso, 34 ',' ',0,1,GETDATE(),GETDATE(),' ',0,0)
INSERT INTO [dbo].[TblStore] VALUES('Casa Perris ',' ',' ',' ',GETDATE(),'http://www.casaperris.com/Torras/index.jsp ',0,GETDATE(),'Plaça Comercial ','8003','2 ',1,null,' ',1,0,0,0,' ','Plaça Comercial, 2 ',' ',0,1,GETDATE(),GETDATE(),' ',0,0)
INSERT INTO [dbo].[TblStore] VALUES('Al gra ',' ',' ',' ',GETDATE(),'https://www.facebook.com/algrabcn ',0,GETDATE(),'Sant Cristòfol ','8012','17 ',1,null,' ',1,0,0,0,' ','Sant Cristòfol, 17 ',' ',0,1,GETDATE(),GETDATE(),' ',0,0)
INSERT INTO [dbo].[TblStore] VALUES('El pagès dor ',' ',' ',' ',GETDATE(),'https://www.facebook.com/pagesdor/info/?entry_point=page_nav_about_item&tab=overview ',0,GETDATE(),'Comte d Urgell, ','8011','16 ',1,null,' ',1,0,0,0,' ','Comte dUrgell, 16 ',' ',0,1,GETDATE(),GETDATE(),' ',0,0)
INSERT INTO [dbo].[TblStore] VALUES('Graneria Sala ',' ',' ',' ',GETDATE(),' ',0,GETDATE(),'Travessera de Gràcia ','8012','137 ',1,null,' ',1,0,0,0,' ','Travessera de Gràcia, 137 ',' ',0,1,GETDATE(),GETDATE(),' ',0,0)
INSERT INTO [dbo].[TblStore] VALUES('Parami ',' ',' ',' ',GETDATE(),'http://lavalenciana.com/parami/ ',0,GETDATE(),'Diputació ','8011','202-204 ',1,null,' ',1,0,0,0,' ','Diputació, 202-204 ',' ',0,1,GETDATE(),GETDATE(),' ',0,0)
INSERT INTO [dbo].[TblStore] VALUES('Ecobel-la ',' ',' ',' ',GETDATE(),'http://www.ecobel-la.com/index.asp ',0,GETDATE(),'Berlin ','8029','80 ',1,null,' ',1,0,0,0,' ','Berlin 80 ',' ',0,1,GETDATE(),GETDATE(),' ',1,0)
INSERT INTO [dbo].[TblStore] VALUES('Pan de Georgia ',' ',' ',' ',GETDATE(),' ',0,GETDATE(),'Carrer del Coronel Sanfeliu ','8018','10 ',1,null,' ',1,0,0,0,' ','Carrer del Coronel Sanfeliu 10 ',' ',0,1,GETDATE(),GETDATE(),' ',0,0)
INSERT INTO [dbo].[TblStore] VALUES('Cloud Street Bakery ',' ',' ',' ',GETDATE(),'http://www.cloudstreet.es/ ',0,GETDATE(),'Rosello ','8036','112 ',1,null,' ',1,0,0,0,' ','Rosello 112 ',' ',0,1,GETDATE(),GETDATE(),' ',0,0)
INSERT INTO [dbo].[TblStore] VALUES('Forn Baluard ',' ',' ',' ',GETDATE(),'http://www.baluardbarceloneta.com/ ',0,GETDATE(),'Baluard ','8003','38 ',1,null,' ',1,0,0,0,' ','Baluard 38 ',' ',0,1,GETDATE(),GETDATE(),' ',0,0)
INSERT INTO [dbo].[TblStore] VALUES('El Surtidor ',' ',' ',' ',GETDATE(),'http://www.panaderiaelsurtidor.com/ ',0,GETDATE(),'Rambla de Poblenou ','8005','43 ',1,null,' ',1,0,0,0,' ','Rambla de Poblenou 43 ',' ',0,1,GETDATE(),GETDATE(),' ',0,0)
INSERT INTO [dbo].[TblStore] VALUES('Forn Europa ',' ',' ',' ',GETDATE(),'http://www.forneuropa.es/ ',0,GETDATE(),'Pare Laínez ','8025','13 ',1,null,' ',1,0,0,0,' ','Pare Laínez 13 ',' ',0,1,GETDATE(),GETDATE(),' ',0,0)
INSERT INTO [dbo].[TblStore] VALUES('Ideal ',' ',' ',' ',GETDATE(),' ',0,GETDATE(),'Ramón y Cajal ','8012','120 ',1,null,' ',1,0,0,0,' ','Ramón y Cajal 120 ',' ',0,1,GETDATE(),GETDATE(),' ',0,0)
INSERT INTO [dbo].[TblStore] VALUES('Boix ',' ',' ',' ',GETDATE(),'http://www.fornboix.com/ ',0,GETDATE(),'Xuclà ','8001','23 ',1,null,' ',1,0,0,0,' ','Xuclà 23 ',' ',0,1,GETDATE(),GETDATE(),' ',0,0)
INSERT INTO [dbo].[TblStore] VALUES('Fleca Balmes ',' ',' ',' ',GETDATE(),'http://flecabalmes.com/ ',0,GETDATE(),'Balmes ','8008','156 ',1,null,' ',1,0,0,0,' ','Balmes 156 ',' ',0,1,GETDATE(),GETDATE(),' ',0,0)
INSERT INTO [dbo].[TblStore] VALUES('Forn Baltà ',' ',' ',' ',GETDATE(),'http://flecabalmes.com/ ',0,GETDATE(),'Sants ','8028','117 ',1,null,' ',1,0,0,0,' ','Sants, 117 ',' ',0,1,GETDATE(),GETDATE(),' ',0,0)
INSERT INTO [dbo].[TblStore] VALUES('Forn La Trinitat ',' ',' ',' ',GETDATE(),' ',0,GETDATE(),'Pujades ','8005','173 ',1,null,' ',1,0,0,0,' ','Pujades, 173 ',' ',0,1,GETDATE(),GETDATE(),' ',0,0)
INSERT INTO [dbo].[TblStore] VALUES('Fleca Fortino ',' ',' ',' ',GETDATE(),' ',0,GETDATE(),'Travessera de Gràcia ','8012','145 ',1,null,' ',1,0,0,0,' ','Travessera de Gràcia, 145 ',' ',0,1,GETDATE(),GETDATE(),' ',0,0)
INSERT INTO [dbo].[TblStore] VALUES('Forn Mistral ',' ',' ',' ',GETDATE(),'http://www.fornmistral.com/ ',0,GETDATE(),'Ronda de Sant Antoni ','8001','96 ',1,null,' ',1,0,0,0,' ','Ronda de Sant Antoni, 96 ',' ',0,1,GETDATE(),GETDATE(),' ',0,0)
INSERT INTO [dbo].[TblStore] VALUES('Barcelona - Reykjavík ',' ',' ',' ',GETDATE(),'http://www.barcelonareykjavik.com/ ',0,GETDATE(),'Astúries ','8012','47 ',1,null,' ',1,0,0,0,' ','Astúries 47 ',' ',0,1,GETDATE(),GETDATE(),' ',0,0)
INSERT INTO [dbo].[TblStore] VALUES('Turris ',' ',' ',' ',GETDATE(),'http://turris.es/es/ ',0,GETDATE(),'Gran de Gràcia ','8012','34 ',1,null,' ',1,0,0,0,' ','Gran de Gràcia, 34 ',' ',0,1,GETDATE(),GETDATE(),' ',0,0)
INSERT INTO [dbo].[TblStore] VALUES('Crustó ',' ',' ',' ',GETDATE(),'http://crusto.es/ ',0,GETDATE(),'València ','8007','246 ',1,null,' ',1,0,0,0,' ','València 246 ',' ',0,1,GETDATE(),GETDATE(),' ',0,0)
INSERT INTO [dbo].[TblStore] VALUES('Armengol ',' ',' ',' ',GETDATE(),' ',0,GETDATE(),'Diputació  ','8013','372 ',1,null,' ',1,0,0,0,' ','Diputació 372 ',' ',0,1,GETDATE(),GETDATE(),' ',0,0)
INSERT INTO [dbo].[TblStore] VALUES('Ginebra ',' ',' ',' ',GETDATE(),'https://www.facebook.com/Forn-Ginebra-499146216873685/ ',0,GETDATE(),'Valencia ','8006','226 ',1,null,' ',1,0,0,0,' ','Valencia,226 ',' ',0,1,GETDATE(),GETDATE(),' ',0,0)
INSERT INTO [dbo].[TblStore] VALUES('Vilamala ',' ',' ',' ',GETDATE(),' ',0,GETDATE(),'Agullers  ','8003','14 ',1,null,' ',1,0,0,0,' ','Agullers 14 ',' ',0,1,GETDATE(),GETDATE(),' ',0,0)
INSERT INTO [dbo].[TblStore] VALUES('Balboa ',' ',' ',' ',GETDATE(),'http://www.forndepabalboa.com/cooking/ ',0,GETDATE(),'Balboa ','8003','12 ',1,null,' ',1,0,0,0,' ','Balboa 12 ',' ',0,1,GETDATE(),GETDATE(),' ',0,0)
INSERT INTO [dbo].[TblStore] VALUES('Pa Serra ',' ',' ',' ',GETDATE(),' ',0,GETDATE(),'Olivera ','8004','31 ',1,null,' ',1,0,0,0,' ','Olivera, 31 ',' ',0,1,GETDATE(),GETDATE(),' ',0,0)
INSERT INTO [dbo].[TblStore] VALUES('DONUTERIA ',' ',' ',' ',GETDATE(),'http://www.ladonuteria.com/ ',0,GETDATE(),'Parlament ','8015','20 ',1,null,' ',1,0,0,0,' ','Parlament 20 ',' ',0,1,GETDATE(),GETDATE(),' ',0,0)
INSERT INTO [dbo].[TblStore] VALUES('I Love Food ',' ',' ',' ',GETDATE(),'http://www.ilovefood.es/tienda-ecologica.php ',0,GETDATE(),'Muntaner ','8006','476 ',1,null,' ',1,0,0,0,' ','Muntaner 476 ',' ',0,1,GETDATE(),GETDATE(),' ',1,0)
INSERT INTO [dbo].[TblStore] VALUES('Olokuti ',' ',' ',' ',GETDATE(),'http://www.olokuti.com/catalog/ ',0,GETDATE(),'Carrer Astúries ','8012','38 ',1,null,' ',1,0,0,0,' ','Carrer Astúries 38 ',' ',0,1,GETDATE(),GETDATE(),' ',1,0)
INSERT INTO [dbo].[TblStore] VALUES('Obbio ',' ',' ',' ',GETDATE(),'http://www.obbiofood.com/home/es/ ',0,GETDATE(),'Muntaner ','8036','177 ',1,null,' ',1,0,0,0,' ','Muntaner 177 ',' ',0,1,GETDATE(),GETDATE(),' ',1,0)
INSERT INTO [dbo].[TblStore] VALUES('Veritas ',' ',' ',' ',GETDATE(),'http://shop.veritas.es/portal/ ',0,GETDATE(),'Passeig de Sant Joan ','8037','144 ',1,null,' ',1,0,0,0,' ','Passeig de Sant Joan 144 ',' ',0,1,GETDATE(),GETDATE(),' ',1,0)
INSERT INTO [dbo].[TblStore] VALUES('Bio Space ',' ',' ',' ',GETDATE(),'http://blog.biospace.es/ ',0,GETDATE(),'Carrer de València ','8011','186 ',1,null,' ',1,0,0,0,' ','Carrer de València 186 ',' ',0,1,GETDATE(),GETDATE(),' ',1,0)
INSERT INTO [dbo].[TblStore] VALUES('BeOrganic ',' ',' ',' ',GETDATE(),'http://www.beorganicbarcelona.com/ ',0,GETDATE(),'Carrer Corders 9 ','8011','9 ',1,null,' ',1,0,0,0,' ','Carrer Corders 9 ',' ',0,1,GETDATE(),GETDATE(),' ',0,0)
INSERT INTO [dbo].[TblStore] VALUES('Autòctons SCP ',' ',' ',' ',GETDATE(),'http://autoctons.cat/index.php ',0,GETDATE(),'Carrer de Rogent ','8026','24 ',1,null,' ',1,0,0,0,' ','Carrer de Rogent 24 ',' ',0,1,GETDATE(),GETDATE(),' ',0,0)
INSERT INTO [dbo].[TblStore] VALUES('El Mana ',' ',' ',' ',GETDATE(),'http://ecomana.net/ ',0,GETDATE(),'Carrer de València ','8013','432 ',1,null,' ',1,0,0,0,' ','Carrer de València 432 ',' ',0,1,GETDATE(),GETDATE(),' ',0,0)
INSERT INTO [dbo].[TblStore] VALUES('Organic Gourmet ',' ',' ',' ',GETDATE(),'http://organicgourmetbcn.com/es/ ',0,GETDATE(),'Carrer de Pujades ','8005','74 ',1,null,' ',1,0,0,0,' ','Carrer de Pujades, 74 ',' ',0,1,GETDATE(),GETDATE(),' ',1,0)
INSERT INTO [dbo].[TblStore] VALUES('EatBio ',' ',' ',' ',GETDATE(),'https://www.facebook.com/Eatbioecologic/ ',0,GETDATE(),'Carrer de la Diputació ','8009','291 ',1,null,' ',1,0,0,0,' ','Carrer de la Diputació 291 ',' ',0,1,GETDATE(),GETDATE(),' ',0,0)
INSERT INTO [dbo].[TblStore] VALUES('EcoCentre ',' ',' ',' ',GETDATE(),'http://www.ecocentre.cat/ ',0,GETDATE(),'Avda. Diagonal ','8009','291 ',1,null,' ',1,0,0,0,' ','Avda. Diagonal 291 ',' ',0,1,GETDATE(),GETDATE(),' ',1,0)
INSERT INTO [dbo].[TblStore] VALUES('Bio Naturas Prodeco ',' ',' ',' ',GETDATE(),'http://www.bionaturas.com/ ',0,GETDATE(),'Corró ','8401','192 ',1,null,' ',1,0,0,0,' ','C/ Corró 192, Bajos ',' ',0,1,GETDATE(),GETDATE(),' ',1,0)
INSERT INTO [dbo].[TblStore] VALUES('Bio Gourmet ',' ',' ',' ',GETDATE(),'http://biogourmet.net/ ',0,GETDATE(),'Muntaner ','8006','446 ',1,null,' ',1,0,0,0,' ','Muntaner 446 ',' ',0,1,GETDATE(),GETDATE(),' ',0,0)
INSERT INTO [dbo].[TblStore] VALUES('Bio Bio Bio ',' ',' ',' ',GETDATE(),' ',0,GETDATE(),'Carrer de Ramón y Cajal ','8012','42 ',1,null,' ',1,0,0,0,' ','Carrer de Ramón y Cajal, 42 ',' ',0,1,GETDATE(),GETDATE(),' ',0,0)
INSERT INTO [dbo].[TblStore] VALUES('Eco-delicatessen ',' ',' ',' ',GETDATE(),' ',0,GETDATE(),'Vallespir ','8014',' ',1,null,' ',1,0,0,0,' ','C/ Vallespir, Les Corts ',' ',0,1,GETDATE(),GETDATE(),' ',0,0)
INSERT INTO [dbo].[TblStore] VALUES('El Pi ',' ',' ',' ',GETDATE(),'http://www.elpi.es/ ',0,GETDATE(),'Cuba ','8302','41 ',1,null,' ',1,0,0,0,' ','Cuba, 41 ',' ',0,1,GETDATE(),GETDATE(),' ',0,0)
INSERT INTO [dbo].[TblStore] VALUES('Món Natura ',' ',' ',' ',GETDATE(),'http://www.mon-natura.com/ ',0,GETDATE(),'Ferrería ','8014','28 ',1,null,' ',1,0,0,0,' ','C/Ferrería, 28. Plaza de la Farga ',' ',0,1,GETDATE(),GETDATE(),' ',1,0)
INSERT INTO [dbo].[TblStore] VALUES('EnterBio ',' ',' ',' ',GETDATE(),'https://www.enterbio.es/es/ ',0,GETDATE(),' ','',' ',1,null,' ',1,0,0,0,' ',' ',' ',0,1,GETDATE(),GETDATE(),' ',1,0)
INSERT INTO [dbo].[TblStore] VALUES('Biolandia ',' ',' ',' ',GETDATE(),'http://www.biolandia.es/ ',0,GETDATE(),' ','',' ',1,null,' ',1,0,0,0,' ',' ',' ',0,1,GETDATE(),GETDATE(),' ',1,0)






select * from [dbo].[TblCategory] 
select * from [dbo].[TblLabelLanguage]
delete from [dbo].[TblCategory] 
DBCC CHECKIDENT ([TblCategory] , RESEED,0)
delete from TblCategoryLanguage


INSERT INTO [dbo].[TblLabel] VALUES ('Alimentación',null)
INSERT INTO [dbo].[TblLabel] VALUES ('Fruta y Verdura',1)
INSERT INTO [dbo].[TblLabel] VALUES ('Granos',1)
INSERT INTO [dbo].[TblLabel] VALUES ('Carnes',1)
INSERT INTO [dbo].[TblLabel] VALUES ('Lacteos',1)
INSERT INTO [dbo].[TblLabel] VALUES ('Panaderia',1)
INSERT INTO [dbo].[TblLabelLanguage] VALUES (1,1,'','Alimentación')
INSERT INTO [dbo].[TblLabelLanguage] VALUES (2,1,'','Fruta y Verdura')
INSERT INTO [dbo].[TblLabelLanguage] VALUES (3,1,'','Granos')
INSERT INTO [dbo].[TblLabelLanguage] VALUES (4,1,'','Carnes')
INSERT INTO [dbo].[TblLabelLanguage] VALUES (5,1,'','Lacteos')
INSERT INTO [dbo].[TblLabelLanguage] VALUES (6,1,'','Panaderia')
INSERT INTO [dbo].[TblLabelLanguage] VALUES (1,2,'','Alimentación')
INSERT INTO [dbo].[TblLabelLanguage] VALUES (2,2,'','Fruta y Verdura')
INSERT INTO [dbo].[TblLabelLanguage] VALUES (3,2,'','Granos')
INSERT INTO [dbo].[TblLabelLanguage] VALUES (4,2,'','Carnes')
INSERT INTO [dbo].[TblLabelLanguage] VALUES (5,2,'','Lacteos')
INSERT INTO [dbo].[TblLabelLanguage] VALUES (6,2,'','Panaderia')



INSERT INTO [dbo].[TblLabel] VALUES ('Alergenos',null)
INSERT INTO [dbo].[TblLabel] VALUES ('Celiacos',7)
INSERT INTO [dbo].[TblLabel] VALUES ('Vegetarianos',7)
INSERT INTO [dbo].[TblLabel] VALUES ('Veganos',7)
INSERT INTO [dbo].[TblLabel] VALUES ('Flexiteriano',7)
INSERT INTO [dbo].[TblLabelLanguage] VALUES (8,1,'','Celiacos')
INSERT INTO [dbo].[TblLabelLanguage] VALUES (9,1,'','Vegetarianos')
INSERT INTO [dbo].[TblLabelLanguage] VALUES (10,1,'','Veganos')
INSERT INTO [dbo].[TblLabelLanguage] VALUES (11,1,'','Flexiteriano')
INSERT INTO [dbo].[TblLabelLanguage] VALUES (12,1,'','Alergenos')
INSERT INTO [dbo].[TblLabelLanguage] VALUES (8,2,'','Celiacos')
INSERT INTO [dbo].[TblLabelLanguage] VALUES (9,2,'','Vegetarianos')
INSERT INTO [dbo].[TblLabelLanguage] VALUES (10,2,'','Veganos')
INSERT INTO [dbo].[TblLabelLanguage] VALUES (11,2,'','Flexiteriano')
INSERT INTO [dbo].[TblLabelLanguage] VALUES (7,2,'','Alergenos')





INSERT INTO [dbo].[TblCategory] VALUES ('Restaruantes',null)
INSERT INTO [dbo].[TblCategoryLanguage] VALUES (1,1,'','Restaruantes')
INSERT INTO [dbo].[TblCategoryLanguage] VALUES (1,2,'','Restaurants')

INSERT INTO [dbo].[TblCategory] VALUES ('Supermercado eco',null)
INSERT INTO [dbo].[TblCategoryLanguage] VALUES (2,1,'','Supermercado eco')
INSERT INTO [dbo].[TblCategoryLanguage] VALUES (2,2,'','Supermercado eco')

INSERT INTO [dbo].[TblCategory] VALUES ('Tienda',null)
INSERT INTO [dbo].[TblCategoryLanguage] VALUES (3,1,'','Tienda')
INSERT INTO [dbo].[TblCategoryLanguage] VALUES (3,2,'','Tienda')

INSERT INTO [dbo].[TblCategory] VALUES ('Servicios',null)
INSERT INTO [dbo].[TblCategoryLanguage] VALUES (4,1,'','Servicios')
INSERT INTO [dbo].[TblCategoryLanguage] VALUES (4,2,'','Servicios')

INSERT INTO [dbo].[TblCategory] VALUES ('Limpieza',4)
INSERT INTO [dbo].[TblCategoryLanguage] VALUES (5,1,'','Limpieza')
INSERT INTO [dbo].[TblCategoryLanguage] VALUES (5,2,'','Limpieza')

INSERT INTO [dbo].[TblCategory] VALUES ('Mensajeria',4)
INSERT INTO [dbo].[TblCategoryLanguage] VALUES (6,1,'','Mensajeria')
INSERT INTO [dbo].[TblCategoryLanguage] VALUES (6,2,'','Mensajeria')




--------------------------------------


INSERT INTO [dbo].[TblCategory] VALUES ('Alimentación',null)
INSERT INTO [dbo].[TblCategory] VALUES ('Decoracion',null)
INSERT INTO [dbo].[TblCategory] VALUES ('Moda',null)
INSERT INTO [dbo].[TblCategory] VALUES ('Servicios',null)
INSERT INTO [dbo].[TblCategory] VALUES ('Restaurantes',null)
INSERT INTO [dbo].[TblCategory] VALUES ('Salud',null)


INSERT INTO [dbo].[TblCategoryLanguage] VALUES (1,1,'','Alimentación')
INSERT INTO [dbo].[TblCategoryLanguage] VALUES (2,1,'','Decoracion')
INSERT INTO [dbo].[TblCategoryLanguage] VALUES (3,1,'','Moda')
INSERT INTO [dbo].[TblCategoryLanguage] VALUES (4,1,'','Servicios')
INSERT INTO [dbo].[TblCategoryLanguage] VALUES (5,1,'','Restaurantes')
INSERT INTO [dbo].[TblCategoryLanguage] VALUES (6,1,'','Salud')

INSERT INTO [dbo].[TblCategoryLanguage] VALUES (1,2,'','Alimentación')
INSERT INTO [dbo].[TblCategoryLanguage] VALUES (2,2,'','Decoration')
INSERT INTO [dbo].[TblCategoryLanguage] VALUES (3,2,'','Fashion')
INSERT INTO [dbo].[TblCategoryLanguage] VALUES (4,2,'','Services')
INSERT INTO [dbo].[TblCategoryLanguage] VALUES (5,2,'','Restaurants')
INSERT INTO [dbo].[TblCategoryLanguage] VALUES (6,2,'','Health')

INSERT INTO [dbo].[TblCategoryLanguage] VALUES (1,3,'','Alimentación')
INSERT INTO [dbo].[TblCategoryLanguage] VALUES (2,3,'','Decoracion')
INSERT INTO [dbo].[TblCategoryLanguage] VALUES (3,3,'','Moda')
INSERT INTO [dbo].[TblCategoryLanguage] VALUES (4,3,'','Servicios')
INSERT INTO [dbo].[TblCategoryLanguage] VALUES (5,3,'','Restaurantes')
INSERT INTO [dbo].[TblCategoryLanguage] VALUES (6,3,'','Salud')


INSERT INTO [dbo].[TblCategory] VALUES ('Aceite',1)
INSERT INTO [dbo].[TblCategory] VALUES ('Bebidas',1)
INSERT INTO [dbo].[TblCategory] VALUES ('Fruta y Verdura',1)
INSERT INTO [dbo].[TblCategory] VALUES ('Granel',1)
INSERT INTO [dbo].[TblCategory] VALUES ('Limpieza eco',5)
INSERT INTO [dbo].[TblCategory] VALUES ('Panaderia y Pasteleria',1)
INSERT INTO [dbo].[TblCategory] VALUES ('Supermercado eco',null)



INSERT INTO [dbo].[TblCategoryLanguage] VALUES (7,1,'','Aceite')
INSERT INTO [dbo].[TblCategoryLanguage] VALUES (8,1,'','Bebidas')
INSERT INTO [dbo].[TblCategoryLanguage] VALUES (9,1,'','Fruta y Verdura')
INSERT INTO [dbo].[TblCategoryLanguage] VALUES (10,1,'','Granel')
INSERT INTO [dbo].[TblCategoryLanguage] VALUES (11,1,'','Limpieza eco')
INSERT INTO [dbo].[TblCategoryLanguage] VALUES (12,1,'','Panaderia y Pasteleria')
INSERT INTO [dbo].[TblCategoryLanguage] VALUES (13,1,'','Supermercado eco')


INSERT INTO [dbo].[TblCategoryLanguage] VALUES (7,2,'','Aceite')
INSERT INTO [dbo].[TblCategoryLanguage] VALUES (8,2,'','Bebidas')
INSERT INTO [dbo].[TblCategoryLanguage] VALUES (9,2,'','Fruta y Verdura')
INSERT INTO [dbo].[TblCategoryLanguage] VALUES (10,2,'','Granel')
INSERT INTO [dbo].[TblCategoryLanguage] VALUES (11,2,'','Limpieza eco')
INSERT INTO [dbo].[TblCategoryLanguage] VALUES (12,2,'','Panaderia y Pasteleria')
INSERT INTO [dbo].[TblCategoryLanguage] VALUES (13,2,'','Supermercado eco')

INSERT INTO [dbo].[TblCategoryLanguage] VALUES (7,3,'','Aceite')
INSERT INTO [dbo].[TblCategoryLanguage] VALUES (8,3,'','Bebidas')
INSERT INTO [dbo].[TblCategoryLanguage] VALUES (9,3,'','Fruta y Verdura')
INSERT INTO [dbo].[TblCategoryLanguage] VALUES (10,3,'','Granel')
INSERT INTO [dbo].[TblCategoryLanguage] VALUES (11,3,'','Limpieza eco')
INSERT INTO [dbo].[TblCategoryLanguage] VALUES (12,3,'','Panaderia y Pasteleria')
INSERT INTO [dbo].[TblCategoryLanguage] VALUES (13,3,'','Supermercado eco')

*/
